store,url,niche,archetype,what_works,watchouts,features_to_steal
Sezane,https://www.sezane.com,Premium DTC womenswear,DTC brand,Editorial merchandising that sells complete looks,Can bury basics behind storytelling,"Shop the look; outfit bundling; editorial PLPs; strong photography"
Reformation,https://www.thereformation.com,Premium DTC womenswear,DTC brand,Clear product storytelling with fit/occasion framing,Heavy imagery can impact performance,"PDP fabric/fit callouts; outfit styling; sustainability positioning; fast checkout"
Aritzia,https://www.aritzia.com,Premium multi-brand womenswear (house brands),DTC brand,Strong merchandising and collection navigation,Bot protection blocks automated audits,"PLP merchandising; category architecture; store locator; quick-add patterns"
Everlane,https://www.everlane.com,Modern essentials womenswear,DTC brand,Simple browsing and “materials/ethics” trust framing,Can feel generic without strong social proof,"Clear value props; material transparency; minimalist PDP structure"
Madewell,https://www.madewell.com,Denim + casual womenswear,Legacy retail,Strong denim focus and wardrobe basics discovery,Bot protection blocks automated audits,"Denim fit guidance; cross-sells; loyalty/rewards; store pickup framing"
J.Crew,https://www.jcrew.com,Classic womenswear,Legacy retail,Promotion + merchandising cadence drives frequent return visits,Bot protection blocks automated audits,"Promo merchandising; category landing pages; gifting modules"
Banana Republic,https://bananarepublic.gap.com,Modern premium basics,Legacy retail,Strong occasion-based merchandising,Can feel promo-heavy at the expense of brand,"Occasion edits; bundle styling; easy returns messaging"
Anthropologie,https://www.anthropologie.com,Boho womenswear + lifestyle,Legacy retail,Inspiration-first browsing with lifestyle merchandising,Can overwhelm users with variety,"Editorial collections; cross-category merchandising; rich PDP media"
Free People,https://www.freepeople.com,Boho womenswear,Legacy retail,Trend-forward assortment with strong imagery,Navigation can get long/scroll-heavy,"Trending edits; outfit styling; UGC + reviews; free-shipping thresholds"
Urban Outfitters,https://www.urbanoutfitters.com,Youth fashion + streetwear,Legacy retail,Fast trend merchandising and discovery,Can be noisy and promo-saturated,"PLP quick add; trend capsules; personalization recommendations"
Lulus,https://www.lulus.com,Occasion dresses (mid-price),DTC brand,Occasion-first shopping with strong search intent capture,PDP confidence needs constant upkeep,"Occasion filters; fit guidance; reviews + photos; clear shipping/returns"
ASOS,https://www.asos.com,Mass fashion marketplace,Marketplace,Massive discovery and inclusive ranges,Site weight and choice overload,"Best-in-class filters; inclusive size navigation; fast search"
Zara,https://www.zara.com,Fast fashion,Legacy retail,High-end editorial feel at scale,Can reduce clarity on product details,"Editorial merchandising; collection drops; minimal friction browsing"
H&M,https://www2.hm.com,Value fast fashion,Legacy retail,Broad entry-price assortment and strong promo cadence,Bot protection blocks automated audits,"Promo merchandising; category breadth; low-friction checkout"
Uniqlo,https://www.uniqlo.com,Basics and functional apparel,Legacy retail,Benefits-led merchandising (fabric tech) builds confidence,Copy-heavy pages can feel dense,"Fabric/tech education; comparison modules; clean PDP specs"
Mango,https://shop.mango.com,Contemporary womenswear,Legacy retail,Modern visual merchandising that feels premium,Internationalization complexity,"Occasion edits; strong imagery; multi-currency UX patterns"
COS,https://www.cos.com,Minimal premium fashion,Legacy retail,Premium feel and disciplined product storytelling,Bot protection blocks automated audits,"Minimalist PDP; strong typography; restrained promos"
& Other Stories,https://www.stories.com,Contemporary womenswear,Legacy retail,Editorial merchandising with wearable styling,Bot protection blocks automated audits,"Outfit styling; editorial PLPs; clean category pages"
Arket,https://www.arket.com,Scandi minimal essentials,Legacy retail,Clear product universes and lifestyle framing,Bot protection blocks automated audits,"Category architecture; sustainability cues; modern UX"
Massimo Dutti,https://www.massimodutti.com,Premium high-street,Legacy retail,Premium positioning and editorial merchandising,Can hide product info behind imagery,"Editorial collection pages; product styling; premium copy tone"
Revolve,https://www.revolve.com,Trend fashion marketplace,Marketplace,Fast trend merchandising and influencer-driven discovery,Automated snapshot timed out; manual audit required,"Trending edits; influencer merchandising; fast category discovery"
Shopbop,https://www.shopbop.com,Multi-brand womenswear,Marketplace,Clear discovery + filters tailored to fashion shoppers,Can feel utilitarian vs premium brands,"Best-in-class filters; designer taxonomy; wishlists"
Net-a-Porter,https://www.net-a-porter.com,Luxury womenswear marketplace,Marketplace,Editorial + luxury service cues build trust,Automated snapshot timed out; manual audit required,"Editorial merchandising; luxury trust framing; top-tier filtering"
Mytheresa,https://www.mytheresa.com,Luxury womenswear marketplace,Marketplace,Extremely polished discovery + merchandising,Can be heavy on imagery/performance,"Luxury filters; editorial + commerce blend; high trust UX"
Farfetch,https://www.farfetch.com,Luxury marketplace (multi-boutique),Marketplace,Massive selection with strong designer taxonomy,Bot protection blocks automated audits,"Designer/category taxonomy; discovery at scale; global shipping UX"
Moda Operandi,https://www.modaoperandi.com,Luxury trunkshow / editorial commerce,Marketplace,Editorial storytelling tied to commerce,Smaller audience patterns may not generalize,"Editorial commerce layout; preorder framing; curated edits"
SSENSE,https://www.ssense.com,Luxury/streetwear marketplace,Marketplace,Culture-led discovery with strong editorial voice,Bot protection blocks automated audits,"Editorial voice; search + merch blend; sharp PDP layouts"
Nordstrom,https://www.nordstrom.com,Department store womenswear,Marketplace,High trust; strong service; robust navigation,Choice overload without guardrails,"Filters; pickup/returns trust cues; “best sellers” curation"
Nordstrom Rack,https://www.nordstromrack.com,Off-price womenswear,Marketplace,Deal-first discovery and urgency mechanics,Promo noise can hurt confidence,"Deal merchandising; clearance UX; strong category navigation"
Saks Fifth Avenue,https://www.saksfifthavenue.com,Luxury department store,Marketplace,Luxury trust + assortment depth,Can feel legacy and heavy,"Luxury merchandising; concierge/service cues; filters"
Neiman Marcus,https://www.neimanmarcus.com,Luxury department store,Marketplace,High-end merchandising and editorial presentation,Legacy performance/complexity risk,"Editorial merchandising; luxury trust cues; designer taxonomy"
Bloomingdale's,https://www.bloomingdales.com,Department store womenswear,Marketplace,Strong brand assortment + promo levers,Can be cluttered and promo-heavy,"Promo blocks; filters; omnichannel trust cues"
SKIMS,https://skims.com,Shapewear + intimates,DTC brand,Fit-confidence merchandising plus strong set building,Can feel hype-driven without clear guidance,"Fit/size guidance; complete-the-set; BNPL; fast checkout"
Savage X Fenty,https://www.savagex.com,Lingerie subscription-like model,DTC brand,Membership economics + frequent drops drive repeat purchase,Membership friction can reduce first conversion,"Tiered offers; bundles/sets; onboarding flows"
Victoria's Secret,https://www.victoriassecret.com,Lingerie + intimates,Legacy retail,Category depth and strong “shop by need” entry points,Complex nav can overwhelm,"Bra finders; fit guides; category landing pages"
ThirdLove,https://www.thirdlove.com,Fit-first lingerie,DTC brand,Fit framing + sizing help reduces uncertainty,Needs ongoing social proof freshness,"Fit quiz; size guidance; trust + returns messaging"
CUUP,https://www.cuup.com,Premium lingerie,DTC brand,Premium brand feel with modern merchandising,Smaller assortment increases out-of-stock sensitivity,"Premium PDP design; sizing education; set building"
Negative Underwear,https://negativeunderwear.com,Premium minimal lingerie,DTC brand,Minimal design that keeps shoppers focused,Needs strong trust/returns info visibility,"Minimal PDP; strong imagery; clear policies"
Girlfriend Collective,https://www.girlfriend.com,Sustainable activewear,DTC brand,Values-led positioning with product clarity,Can be copy-heavy,"Sustainability trust cues; material/fabric education; clean PDP"
Lululemon,https://shop.lululemon.com,Premium activewear,Legacy retail,Benefits-led merchandising + variant handling at scale,Automated snapshot limited; manual audit recommended,"Fabric/tech education; size/fit confidence; omnichannel trust cues"
Alo Yoga,https://www.aloyoga.com,Premium athleisure,DTC brand,High-gloss merchandising and lifestyle-led discovery,Can prioritize hype over clarity,"Lifestyle imagery; best sellers edits; strong PDP media"
Athleta,https://www.athleta.gap.com,Women’s activewear,Legacy retail,Clear activity-based shopping paths,Can feel promo-heavy,"Activity-based navigation; fit/performance framing; returns clarity"
Fabletics,https://www.fabletics.com,Activewear (membership),DTC brand,Offer-driven conversion mechanics,Membership gating can frustrate shoppers,"Offer architecture; onboarding; bundle UX"
Carbon38,https://www.carbon38.com,Premium activewear marketplace,Marketplace,Curated premium assortment + clean merchandising,Smaller brand awareness,"Curated edits; premium PLP/PDP; cross-sells"
Sweaty Betty,https://www.sweatybetty.com,Women’s activewear,Legacy retail,Activity and fit framing boosts confidence,Legacy UX debt risk,"Fit guidance; activity edits; loyalty modules"
Outdoor Voices,https://www.outdoorvoices.com,Athleisure,DTC brand,Simple category architecture and strong brand tone,Assortment volatility risk,"Simple nav; clear value props; minimalist PDP"
Summersalt,https://www.summersalt.com,Swimwear,DTC brand,Confidence-centric merchandising with fit cues,Needs excellent size/fit tooling,"Fit/coverage framing; model info; PDP media"
Andie Swim,https://andieswim.com,Swimwear,DTC brand,Fit and coverage made legible,Limited assortment requires strong discovery,"Coverage tags; fit quiz entry points; clear returns"
Frankies Bikinis,https://frankiesbikinis.com,Trend swimwear,DTC brand,Influencer-led merchandising drives intent,Can trade clarity for hype,"Trend drops; lifestyle imagery; fast quick-add"
Triangl,https://triangl.com,Swimwear,DTC brand,Distinct aesthetic and tight assortment focus,International logistics complexity,"Focused assortment; clear variant selection; promo clarity"
Montce Swim,https://www.montce.com,Swimwear,DTC brand,Strong mix-and-match merchandising,Config complexity can increase friction,"Mix-and-match UX; styling imagery; size guidance"
Rothy's,https://rothys.com,Shoes + accessories,DTC brand,Clear product benefits and sustainability cues,Sizing confidence remains critical,"Benefit-led PDP; UGC/reviews; fast checkout"
Birdies,https://birdies.com,Women’s footwear,DTC brand,Simple browsing and gifting-friendly merchandising,Limited awareness compared to incumbents,"Giftable merch; clean PDP; trust cues"
Dolce Vita,https://www.dolcevita.com,Shoes,DTC brand,Style-led merchandising and collections,Variant complexity + inventory,"Style edits; quick-add; clear shipping thresholds"
Steve Madden,https://www.stevemadden.com,Shoes,Legacy retail,Broad assortment and promo cadence,Promo clutter risk,"Promo merchandising; category breadth; filters"
Tory Burch,https://www.toryburch.com,Accessories + womenswear,Legacy retail,Premium feel with lifestyle merchandising,High imagery weight,"Premium PDP; brand storytelling; store locator"
Coach,https://www.coach.com,Accessories,Legacy retail,Trust and premium merchandising,Can be heavy and promotional,"Premium visuals; gifting UX; store locator"
Kate Spade,https://www.katespade.com,Accessories,Legacy retail,Strong gifting patterns and seasonal merchandising,Promo noise risk,"Gifting modules; curated edits; fast checkout"
Michael Kors,https://www.michaelkors.com,Accessories + womenswear,Legacy retail,Promo-driven conversion mechanics,Discount-first framing can hurt premium perception,"Offer architecture; gifting UX; robust filters"
Marc Jacobs,https://www.marcjacobs.com,Designer fashion,Legacy retail,High brand personality with curated assortment,Limited inventory can frustrate,"Editorial product pages; curated drops; wishlists"
Telfar,https://telfar.net,Streetwear accessories,DTC brand,Drop culture and scarcity mechanics,Scarcity can create UX frustration,"Waitlists; drop messaging; SMS/email capture"
Loeffler Randall,https://www.loefflerrandall.com,Shoes + accessories,DTC brand,Curated assortment and premium presentation,Needs strong size/fit info,"Premium PDP; styling imagery; cross-sells"
Longchamp,https://www.longchamp.com,Accessories,Legacy retail,Global brand trust and premium merchandising,Internationalization complexity,"Localization; premium PDP; gifting UX"
Mejuri,https://mejuri.com,Jewelry,DTC brand,High-frequency purchasing via drops and gifting,Requires trust and clarity on materials,"Gifting UX; trust cues; social proof; fast checkout"
Catbird,https://www.catbirdnyc.com,Jewelry,DTC brand,Distinct brand voice and product storytelling,Assortment depth can complicate discovery,"Editorial storytelling; curated edits; gifting modules"
Missoma,https://www.missoma.com,Jewelry,DTC brand,Layering and styling-led merchandising,Needs strong UGC to reduce doubt,"Layering bundles; UGC; gifting UX"
Gorjana,https://www.gorjana.com,Jewelry,DTC brand,Easy browsing with giftable product structure,Commoditization risk,"Gift finders; curated edits; fast checkout"
Ana Luisa,https://www.analuisa.com,Jewelry,DTC brand,Strong value framing and sustainability cues,Offer clutter risk,"Offer architecture; gifting; reviews"
Kendra Scott,https://www.kendrascott.com,Jewelry,Legacy retail,Strong gifting + personalization patterns,Complexity at scale,"Gift guides; personalization; store locator"
Pandora,https://www.pandora.net,Jewelry,Legacy retail,Charm/collection system drives repeat purchase,Config complexity can increase friction,"Collection-building UX; personalization; gifting"
Universal Standard,https://www.universalstandard.com,Inclusive womenswear,DTC brand,Inclusive sizing and fit confidence as core UX,Assortment breadth still needs guardrails,"Inclusive sizing UX; fit guidance; easy exchanges"
Eloquii,https://www.eloquii.com,Plus-size womenswear,Legacy retail,Occasion-led plus-size discovery,Promo noise risk,"Occasion filters; inclusive imagery; returns clarity"
Torrid,https://www.torrid.com,Plus-size womenswear,Legacy retail,Deep plus-size category expertise,Legacy UX debt risk,"Shop-by-need; fit guidance; loyalty"
Lane Bryant,https://www.lanebryant.com,Plus-size womenswear,Legacy retail,Category depth and size-first navigation,Promo clutter risk,"Size-first nav; fit tools; store pickup framing"
Modanisa,https://modanisa.com,Modest fashion,Marketplace,Category breadth and modest-specific taxonomy,Discovery overload risk,"Modest taxonomy; filters; internationalization"
Veiled,https://veiled.com,Modest fashion,DTC brand,Tight category focus with clear brand identity,Needs excellent fit/size clarity,"Clear navigation; fit guidance; strong PDP media"
Hatch,https://www.hatchcollection.com,Maternity,DTC brand,Premium maternity positioning with editorial feel,Higher price increases trust burden,"Editorial merchandising; fit guidance; premium trust cues"
Seraphine,https://www.seraphine.com,Maternity,Legacy retail,Clear maternity-specific merchandising,Legacy UX risk,"Maternity fit guidance; occasion edits; returns clarity"
Pink Blush Maternity,https://www.pinkblushmaternity.com,Maternity,DTC brand,Promo-driven conversion with maternity focus,Promo overload risk,"Offer architecture; maternity filters; fast checkout"
Grace Loves Lace,https://graceloveslace.com,Bridal,DTC brand,High-trust bridal storytelling and appointment framing,Long consideration cycle needs nurture,"Appointment flows; high-touch trust cues; PDP storytelling"
David's Bridal,https://www.davidsbridal.com,Bridal,Legacy retail,Assortment depth + service framing,Legacy UX complexity,"Occasion filters; appointment booking; returns/alterations messaging"
Rent the Runway,https://www.renttherunway.com,Rental fashion,Subscription rental,Membership economics and occasion-first browsing,Onboarding complexity can reduce signups,"Membership UX; occasion discovery; wardrobe planning"
Nuuly,https://www.nuuly.com,Rental fashion,Subscription rental,Curated rental assortment with strong discovery,Membership friction risk,"Subscription UX; discovery filters; closet-like saving"
The RealReal,https://www.therealreal.com,Luxury resale marketplace,Marketplace,Trust and authentication framing with deep inventory,Condition clarity and fees can confuse,"Condition grading; trust cues; alerts/wishlists"
thredUP,https://www.thredup.com,Resale marketplace,Marketplace,Deal mechanics + huge inventory browsing,Discovery overload risk,"Deal UX; saved searches; condition taxonomy"
Poshmark,https://poshmark.com,Resale marketplace,Marketplace,Social commerce loops drive repeat visits,Varied seller quality impacts trust,"Social proof loops; offers; saved searches"
Vestiaire Collective,https://www.vestiairecollective.com,Luxury resale marketplace,Marketplace,Authentication + luxury framing drives trust,International shipping complexity,"Trust cues; condition grading; alerts"
Depop,https://www.depop.com,Resale social marketplace,Marketplace,Community-led discovery and feeds,Trust/quality variability,"Feed discovery; seller profiles; offers"
Vinted,https://www.vinted.com,Resale marketplace,Marketplace,Low-friction resale browsing and messaging,Trust mechanisms vary by region,"Low-friction listing/buying; saved searches; shipping UX"
Doen,https://www.doen.com,Premium DTC womenswear,DTC brand,Brand storytelling and romantic aesthetic merchandising,Assortment volatility risk,"Editorial merchandising; PDP photography; outfit styling"
Staud,https://www.staud.clothing,Contemporary womenswear,DTC brand,Modern fashion merchandising with strong visuals,Automated snapshot timed out; manual audit required,"Premium visuals; curated drops; cross-sell"
Ganni,https://www.ganni.com,Contemporary womenswear,Legacy retail,Strong brand identity and trend merchandising,Internationalization complexity,"Trend capsules; editorial imagery; clear category architecture"
Rouje,https://www.rouje.com,Parisian DTC womenswear,DTC brand,Editorial “wardrobe” merchandising that sells outfits,Can hide basics behind narrative,"Shop the look; editorial PLPs; PDP storytelling"
Realisation Par,https://realisationpar.com,Occasion dresses,DTC brand,Tight occasion assortment with strong visuals,Limited sizing needs confidence tools,"Occasion merch; clear fit guidance; strong PDP media"
LoveShackFancy,https://www.loveshackfancy.com,Feminine occasion fashion,Legacy retail,Strong brand story and gifting/occasion merchandising,High imagery weight/performance risk,"Editorial collections; gifting modules; strong PDP visuals"
For Love & Lemons,https://www.forloveandlemons.com,Occasion + lingerie adjacent,DTC brand,Distinct aesthetic and outfit merchandising,Fit/returns friction risk,"Complete-the-look; rich PDP media; occasion edits"
AllSaints,https://www.allsaints.com,Contemporary womenswear,Legacy retail,Clear brand tone and product storytelling,Legacy UX debt risk,"Category landing pages; strong photography; promotions done cleanly"
Sandro,https://us.sandro-paris.com,Contemporary womenswear,Legacy retail,Premium merchandising and clean PDPs,Internationalization complexity,"Premium PDP layout; restrained promos; strong imagery"
Maje,https://us.maje.com,Contemporary womenswear,Legacy retail,Premium feel with clear collection navigation,International shipping/returns complexity,"Collection-based nav; premium PDP; trust cues"
Bimba y Lola,https://www.bimbaylola.com,Contemporary fashion,Legacy retail,Distinct brand + accessories cross-sell,Regional UX differences,"Cross-sell accessories; curated edits; localization patterns"
